"x","ciudad"
41.57308732,"Quito"
42.53552749,"Quito"
37.45238111,"Quito"
38.19096229,"Quito"
37.02966759,"Quito"
40.21300313,"Quito"
38.63531477,"Quito"
40.79277509,"Quito"
40.63580371,"Quito"
40.74326276,"Quito"
39.85458448,"Quito"
40.3525285,"Quito"
39.82991084,"Quito"
37.11357003,"Quito"
36.42406989,"Quito"
42.47414515,"Quito"
38.02877019,"Quito"
43.06934877,"Quito"
35.86685573,"Quito"
40.20548669,"Quito"
39.89970422,"Quito"
39.23449187,"Quito"
39.69534539,"Quito"
41.22338924,"Quito"
37.16057825,"Quito"
42.79944376,"Quito"
38.01320902,"Quito"
41.29115442,"Quito"
38.91908592,"Quito"
39.47479172,"Quito"
41.27398681,"Quito"
36.4325565,"Quito"
42.3870139,"Quito"
42.88995187,"Quito"
41.05022399,"Quito"
40.06607524,"Quito"
40.24344711,"Quito"
44.26800437,"Quito"
37.84635634,"Quito"
39.01646079,"Quito"
38.04429088,"Quito"
39.4414174,"Quito"
43.08210611,"Quito"
40.29860067,"Quito"
37.80092487,"Quito"
39.16509781,"Quito"
39.59464528,"Quito"
41.95487806,"Quito"
37.63129924,"Quito"
38.6552936,"Quito"
39.43485412,"Quito"
42.69166303,"Quito"
39.22518483,"Quito"
37.85126302,"Quito"
41.67953184,"Quito"
38.89204395,"Quito"
36.99749171,"Quito"
43.39944203,"Quito"
39.99834857,"Quito"
40.20362502,"Quito"
40.61884216,"Quito"
36.20248585,"Quito"
39.09822965,"Quito"
36.59050942,"Quito"
39.55352818,"Quito"
39.78011548,"Quito"
39.68050599,"Quito"
43.36851017,"Quito"
36.10721445,"Quito"
41.46601276,"Quito"
42.12361286,"Quito"
37.50174101,"Quito"
40.34931188,"Quito"
40.71701733,"Quito"
37.32046585,"Quito"
38.73130568,"Quito"
40.0148466,"Quito"
42.55833106,"Quito"
38.4798799,"Quito"
40.44139835,"Quito"
43.04372916,"Quito"
40.49654627,"Quito"
42.21541508,"Quito"
39.61172475,"Quito"
38.7309151,"Quito"
36.88282552,"Quito"
38.64405162,"Quito"
42.88802541,"Quito"
43.31371876,"Quito"
40.74323256,"Quito"
40.06144328,"Quito"
38.56257802,"Quito"
41.13763932,"Quito"
40.52173249,"Quito"
40.62281443,"Quito"
40.48355737,"Quito"
38.12858485,"Quito"
43.55235908,"Quito"
43.89629842,"Quito"
38.78777496,"Quito"
41.53203602,"Quito"
39.8864277,"Quito"
38.6962018,"Quito"
37.40501636,"Quito"
38.67065493,"Quito"
35.94385693,"Quito"
37.28093623,"Quito"
41.41884739,"Quito"
37.06844756,"Quito"
40.40269208,"Quito"
40.89702503,"Quito"
38.36608973,"Quito"
41.54941754,"Quito"
40.97297604,"Quito"
39.07568344,"Quito"
38.63028981,"Quito"
36.95784115,"Quito"
41.3532502,"Quito"
38.82843242,"Quito"
37.50396613,"Quito"
40.69854088,"Quito"
41.21369375,"Quito"
37.95856836,"Quito"
38.41822088,"Quito"
38.9246619,"Quito"
42.55392934,"Quito"
39.89394056,"Quito"
40.65386146,"Quito"
42.03436602,"Quito"
41.14248704,"Quito"
35.67630571,"Quito"
38.78816253,"Quito"
41.65161665,"Quito"
38.00778588,"Quito"
44.05309335,"Quito"
39.30040513,"Quito"
39.60073849,"Quito"
40.47071384,"Quito"
36.35515795,"Quito"
39.59026476,"Quito"
37.12934983,"Quito"
42.32310701,"Quito"
38.77923993,"Quito"
42.10319747,"Quito"
40.07417944,"Quito"
37.35660964,"Quito"
38.56575283,"Quito"
39.70594905,"Quito"
40.77687171,"Quito"
43.37477451,"Quito"
38.32120184,"Quito"
40.27011058,"Quito"
36.06217772,"Quito"
38.5131649,"Quito"
40.81175195,"Quito"
40.28838226,"Quito"
41.45315854,"Quito"
40.25941586,"Quito"
39.38501722,"Quito"
34.60935442,"Quito"
36.61146359,"Quito"
40.54632091,"Quito"
42.37595864,"Quito"
40.27057675,"Quito"
38.79918431,"Quito"
37.461085,"Quito"
39.59972457,"Quito"
42.04843905,"Quito"
39.71151212,"Quito"
40.07707177,"Quito"
41.75451302,"Quito"
41.74708834,"Quito"
37.66949924,"Quito"
39.77936666,"Quito"
39.34369285,"Quito"
40.48781357,"Quito"
38.3603894,"Quito"
39.88314499,"Quito"
39.51295173,"Quito"
34.48203033,"Quito"
39.33108473,"Quito"
39.92781241,"Quito"
40.43460764,"Quito"
38.5874905,"Quito"
39.59288778,"Quito"
39.71062568,"Quito"
39.37641649,"Quito"
40.87286394,"Quito"
36.81590239,"Quito"
41.2198023,"Quito"
38.74219221,"Quito"
38.73014458,"Quito"
37.26111599,"Quito"
39.13069519,"Quito"
42.95842498,"Quito"
38.0758281,"Quito"
38.32292378,"Quito"
41.86901884,"Quito"
40.11236984,"Quito"
38.95704785,"Quito"
42.35083913,"Quito"
44.3654659,"Quito"
35.40614049,"Quito"
40.75016436,"Quito"
42.40944738,"Quito"
38.40847805,"Quito"
39.02460166,"Quito"
39.28721026,"Quito"
39.34849773,"Quito"
37.28901251,"Quito"
37.97070072,"Quito"
40.23568512,"Quito"
43.32849528,"Quito"
40.68628417,"Quito"
38.91955536,"Quito"
38.18328322,"Quito"
37.79262811,"Quito"
38.69231521,"Quito"
42.08059282,"Quito"
36.81030997,"Quito"
41.00137855,"Quito"
38.39722224,"Quito"
38.94328379,"Quito"
38.39688759,"Quito"
41.60319733,"Quito"
37.6232027,"Quito"
39.45115628,"Quito"
38.12034102,"Quito"
40.11349541,"Quito"
38.52998301,"Quito"
43.54720477,"Quito"
41.21582676,"Quito"
41.04621817,"Quito"
35.84596843,"Quito"
38.81596365,"Quito"
41.31558385,"Quito"
39.81552456,"Quito"
42.29922023,"Quito"
41.40434554,"Quito"
40.50748329,"Quito"
41.98927548,"Quito"
37.16200166,"Quito"
36.96835526,"Quito"
40.60597338,"Quito"
41.41279512,"Quito"
43.43133056,"Quito"
38.11753346,"Quito"
40.10782876,"Quito"
39.96745377,"Quito"
38.12224706,"Quito"
40.82444763,"Quito"
41.90752396,"Quito"
39.55495362,"Quito"
41.437967,"Quito"
38.14500721,"Quito"
39.94553904,"Quito"
39.0285499,"Quito"
39.92047816,"Quito"
38.78017992,"Quito"
39.30702438,"Quito"
43.31319127,"Quito"
36.89040914,"Quito"
38.76491291,"Quito"
39.58869994,"Quito"
37.94702561,"Quito"
36.56884142,"Quito"
39.07688573,"Quito"
39.28961932,"Quito"
39.8611094,"Quito"
40.98080062,"Quito"
38.98535407,"Quito"
40.64249885,"Quito"
38.07001141,"Quito"
41.77145725,"Quito"
42.49950653,"Quito"
37.91275907,"Quito"
43.25088011,"Quito"
38.59300334,"Quito"
38.68600124,"Quito"
42.67515116,"Quito"
37.89900587,"Quito"
37.78044844,"Quito"
42.63155528,"Quito"
38.49795679,"Quito"
37.62889105,"Quito"
41.53580605,"Quito"
41.67974392,"Quito"
40.02859349,"Quito"
38.208703,"Quito"
39.84196377,"Quito"
37.28976059,"Quito"
38.91053972,"Quito"
39.32020309,"Quito"
40.54299885,"Quito"
39.7262774,"Quito"
36.90720451,"Quito"
42.25493965,"Quito"
40.16340897,"Quito"
38.7861869,"Quito"
38.45529713,"Quito"
42.53558617,"Quito"
38.62608337,"Quito"
39.26743578,"Quito"
40.65140198,"Quito"
39.92613822,"Quito"
44.18144818,"Quito"
38.52378447,"Quito"
41.2028241,"Quito"
39.93933207,"Quito"
43.37761379,"Quito"
39.08642432,"Quito"
40.84209446,"Quito"
36.25065679,"Quito"
38.8013806,"Quito"
38.72358269,"Quito"
38.97836302,"Quito"
40.89546827,"Quito"
39.37383272,"Quito"
39.68101142,"Quito"
40.60379339,"Quito"
40.71007369,"Quito"
42.22673788,"Quito"
40.53493842,"Quito"
38.28160223,"Quito"
45.26915966,"Quito"
42.66179654,"Quito"
42.38716658,"Quito"
42.0827856,"Quito"
39.68761765,"Quito"
40.51297727,"Quito"
40.71843824,"Quito"
37.52887547,"Quito"
37.58684225,"Quito"
39.19771318,"Quito"
40.94748896,"Quito"
41.19560891,"Quito"
36.01908495,"Quito"
40.05066353,"Quito"
38.98208051,"Quito"
40.41149945,"Quito"
40.65262474,"Quito"
40.65756733,"Quito"
40.57019097,"Quito"
40.65564195,"Quito"
39.35794401,"Quito"
39.33921891,"Quito"
43.48220987,"Quito"
39.82069636,"Quito"
39.01032868,"Quito"
36.85592651,"Quito"
38.57977959,"Quito"
40.11332651,"Quito"
38.37960989,"Quito"
42.50615059,"Quito"
39.61943453,"Quito"
39.83006311,"Quito"
41.31998395,"Quito"
40.68277076,"Quito"
39.69502512,"Quito"
41.16967144,"Quito"
38.22921692,"Quito"
41.2322226,"Quito"
39.79318168,"Quito"
38.72656935,"Quito"
36.50644864,"Quito"
38.81598905,"Quito"
39.87419011,"Quito"
40.00113513,"Quito"
39.9247692,"Quito"
40.73523635,"Quito"
44.38819357,"Quito"
42.23053456,"Quito"
40.81172944,"Quito"
37.67806628,"Quito"
38.58150018,"Quito"
39.67201495,"Quito"
41.9019678,"Quito"
41.23685335,"Quito"
39.61245547,"Quito"
40.26943246,"Quito"
42.56413912,"Quito"
41.38104692,"Quito"
37.86664429,"Quito"
39.89108465,"Quito"
40.24550478,"Quito"
39.83016094,"Quito"
39.77747699,"Quito"
43.17590697,"Quito"
44.32173217,"Quito"
42.22142479,"Quito"
42.25217497,"Quito"
42.68325044,"Quito"
38.60791966,"Quito"
38.48656924,"Quito"
42.80278887,"Quito"
41.59595166,"Quito"
40.80698488,"Quito"
43.02583177,"Quito"
40.58444062,"Quito"
39.60422867,"Quito"
37.99621589,"Quito"
41.43168616,"Quito"
39.97485633,"Quito"
41.18930296,"Quito"
37.54816364,"Quito"
40.75863203,"Quito"
37.99198025,"Quito"
39.25480144,"Quito"
42.59028472,"Quito"
38.87445692,"Quito"
41.34161405,"Quito"
38.43346757,"Quito"
40.90967813,"Quito"
46.21078913,"Quito"
40.74657839,"Quito"
38.76315469,"Quito"
35.99368579,"Quito"
39.56746938,"Quito"
41.49821105,"Quito"
41.93235641,"Quito"
41.379416,"Quito"
41.12907141,"Quito"
42.92814256,"Quito"
39.74254121,"Quito"
41.23659949,"Quito"
39.07803493,"Quito"
39.11815136,"Quito"
40.87109479,"Quito"
39.25856071,"Quito"
41.59011614,"Quito"
40.09381367,"Quito"
40.43067698,"Quito"
40.00467342,"Quito"
38.98491002,"Quito"
40.87180999,"Quito"
39.46285821,"Quito"
39.80890819,"Quito"
42.23466679,"Quito"
40.02035135,"Quito"
39.2708192,"Quito"
42.95886986,"Quito"
38.15936897,"Quito"
37.87770967,"Quito"
40.72299733,"Quito"
40.97805885,"Quito"
36.67389739,"Quito"
43.14830913,"Quito"
41.69955311,"Quito"
39.50334054,"Quito"
38.57390549,"Quito"
37.33256172,"Quito"
39.45643129,"Quito"
38.40483655,"Quito"
43.40995096,"Quito"
41.84318261,"Quito"
36.38064977,"Quito"
39.57923716,"Quito"
43.65082552,"Quito"
38.55169225,"Quito"
39.41144147,"Quito"
36.98102904,"Quito"
40.07769148,"Quito"
41.4704052,"Quito"
42.52547455,"Quito"
38.39740041,"Quito"
40.0753881,"Quito"
35.16408556,"Quito"
39.47484634,"Quito"
41.68202014,"Quito"
39.56742813,"Quito"
43.6923131,"Quito"
38.26116206,"Quito"
41.73150455,"Quito"
42.69242942,"Quito"
43.52765661,"Quito"
38.64629309,"Quito"
39.14681844,"Quito"
42.23952087,"Quito"
41.64225928,"Quito"
38.79871402,"Quito"
40.5726429,"Quito"
41.7958277,"Quito"
41.46426433,"Quito"
39.23227638,"Quito"
39.49312497,"Quito"
39.22422893,"Quito"
42.36081427,"Quito"
38.65538239,"Quito"
43.17545514,"Quito"
42.5356169,"Quito"
39.83315865,"Quito"
42.76745899,"Quito"
39.33850536,"Quito"
39.00330208,"Quito"
41.33042822,"Quito"
40.48816535,"Quito"
35.59207528,"Quito"
39.5770091,"Quito"
38.94550482,"Quito"
38.45992304,"Quito"
40.47831568,"Quito"
40.4219447,"Quito"
43.34149965,"Quito"
42.93454174,"Quito"
38.08518299,"Quito"
41.52332396,"Quito"
39.90383745,"Quito"
41.43655533,"Quito"
43.97733278,"Quito"
41.19520321,"Quito"
41.18222464,"Quito"
40.51086056,"Quito"
39.60481733,"Quito"
37.64200073,"Quito"
37.21733581,"Quito"
39.23151061,"Quito"
41.52963129,"Quito"
39.66156509,"Quito"
37.53823698,"Quito"
36.36993022,"Quito"
38.39153512,"Quito"
37.61667897,"Quito"
39.8486174,"Quito"
38.01425429,"Quito"
37.52775388,"Quito"
38.68295097,"Quito"
35.83227194,"Quito"
39.71789852,"Quito"
41.20258848,"Quito"
39.84553999,"Quito"
38.11025239,"Quito"
40.18428683,"Quito"
42.19855259,"Quito"
41.74095922,"Quito"
40.60235626,"Quito"
40.45429576,"Quito"
35.78174798,"Quito"
39.72806934,"Quito"
38.91935429,"Quito"
39.1513288,"Quito"
40.60507652,"Quito"
38.6642863,"Quito"
37.97356786,"Quito"
40.5988183,"Quito"
41.63085046,"Quito"
37.79269873,"Quito"
42.00133879,"Quito"
41.01913001,"Quito"
36.01261814,"Quito"
41.40214638,"Quito"
36.60292002,"Quito"
37.11606786,"Quito"
43.1338727,"Quito"
41.92812517,"Quito"
42.8988146,"Quito"
41.06052802,"Quito"
43.5073703,"Quito"
39.9268316,"Quito"
37.91944251,"Quito"
43.21575269,"Quito"
40.52680335,"Quito"
37.95648145,"Quito"
39.11256793,"Quito"
36.35856722,"Quito"
40.316009,"Quito"
44.90010695,"Quito"
38.78130321,"Quito"
41.22420392,"Quito"
41.47567587,"Quito"
40.20675269,"Quito"
41.00550946,"Quito"
38.41852534,"Quito"
42.27777917,"Quito"
39.50608341,"Quito"
38.86468311,"Quito"
37.89540328,"Quito"
41.68002276,"Quito"
40.81155108,"Quito"
42.57367449,"Quito"
41.41094016,"Quito"
43.33250298,"Quito"
38.69574557,"Quito"
39.36166776,"Quito"
40.08940434,"Quito"
39.57959034,"Quito"
38.70690445,"Quito"
41.69074351,"Quito"
39.98107938,"Quito"
39.15257708,"Quito"
41.02972219,"Quito"
42.3133991,"Quito"
37.76020534,"Quito"
38.99407017,"Quito"
40.08785837,"Quito"
39.04287726,"Quito"
41.07457746,"Quito"
39.0882236,"Quito"
40.88220091,"Quito"
41.09577122,"Quito"
39.10593139,"Quito"
38.82213913,"Quito"
36.51330425,"Quito"
44.16721433,"Quito"
41.34029142,"Quito"
43.32684167,"Quito"
38.51523579,"Quito"
39.54788454,"Quito"
42.63327692,"Quito"
39.93501186,"Quito"
41.37861493,"Quito"
36.96789739,"Quito"
41.3192584,"Quito"
39.1658811,"Quito"
40.04050689,"Quito"
38.74155387,"Quito"
41.43099573,"Quito"
41.88049849,"Quito"
39.48907766,"Quito"
42.35056698,"Quito"
36.34497364,"Quito"
38.03554616,"Quito"
41.74286168,"Quito"
40.86056484,"Quito"
40.05435372,"Quito"
38.77688881,"Quito"
37.36251294,"Quito"
42.07594594,"Quito"
39.18032888,"Quito"
38.68766949,"Quito"
40.18198743,"Quito"
40.15324233,"Quito"
41.86855352,"Quito"
40.24977467,"Quito"
42.27416683,"Quito"
44.09523292,"Quito"
38.13698059,"Quito"
40.59381347,"Quito"
41.6882655,"Quito"
40.99182502,"Quito"
42.44964153,"Quito"
39.2161357,"Quito"
39.21655552,"Quito"
42.93667458,"Quito"
39.83796176,"Quito"
43.08715466,"Quito"
37.10830263,"Quito"
40.39144667,"Quito"
37.74402941,"Quito"
41.01915334,"Quito"
40.39993853,"Quito"
44.75821564,"Quito"
39.28961583,"Quito"
38.33185782,"Quito"
36.30762025,"Quito"
39.84939107,"Quito"
40.25832211,"Quito"
40.76540268,"Quito"
39.98401912,"Quito"
39.83808038,"Quito"
42.11632442,"Quito"
38.22475888,"Quito"
39.19998042,"Quito"
39.39909787,"Quito"
39.36976682,"Quito"
43.26177368,"Quito"
43.36721942,"Quito"
40.70759432,"Quito"
39.18622114,"Quito"
41.1946429,"Quito"
37.80195089,"Quito"
39.24730363,"Quito"
40.50703019,"Quito"
38.83046335,"Quito"
38.98327801,"Quito"
39.50309844,"Quito"
38.78708551,"Quito"
43.04242986,"Quito"
38.30406009,"Quito"
38.75564978,"Quito"
37.96469859,"Quito"
37.01229929,"Quito"
40.78708062,"Quito"
40.22090862,"Quito"
37.06730149,"Quito"
37.92257862,"Quito"
41.25650164,"Quito"
40.0919745,"Quito"
39.75366765,"Quito"
39.44837269,"Quito"
40.99992571,"Quito"
43.2278319,"Quito"
39.4523215,"Quito"
38.65651052,"Quito"
38.07317342,"Quito"
39.63082489,"Quito"
39.16568803,"Quito"
41.32838785,"Quito"
38.20449453,"Quito"
43.18948172,"Quito"
43.99281195,"Quito"
40.20481463,"Quito"
40.0162534,"Quito"
39.31926697,"Quito"
41.78161839,"Quito"
35.98951065,"Quito"
38.56647736,"Quito"
40.92627271,"Quito"
40.73430319,"Quito"
41.75437679,"Quito"
41.53047013,"Quito"
39.28884265,"Quito"
37.69557948,"Quito"
41.6755956,"Quito"
38.07009833,"Quito"
43.38025383,"Quito"
41.22201171,"Quito"
39.84159349,"Quito"
39.44399374,"Quito"
47.11769504,"Quito"
37.05941465,"Quito"
37.57533629,"Quito"
39.24581769,"Quito"
42.77239859,"Quito"
41.57222895,"Quito"
37.85997889,"Quito"
40.03619235,"Quito"
38.64150625,"Quito"
39.79170932,"Quito"
40.90285227,"Quito"
36.68073077,"Quito"
41.79158308,"Quito"
39.00124037,"Quito"
38.59369686,"Quito"
42.02820218,"Quito"
42.54342258,"Quito"
37.2470223,"Quito"
40.48318797,"Quito"
42.47482331,"Quito"
40.0593253,"Quito"
38.71029927,"Quito"
36.8012199,"Quito"
40.83590465,"Quito"
37.14589474,"Quito"
38.7511221,"Quito"
36.10013025,"Quito"
39.23299696,"Quito"
40.16633816,"Quito"
41.70224423,"Quito"
41.73478295,"Quito"
41.8153193,"Quito"
40.24741482,"Quito"
37.77507359,"Quito"
39.97164206,"Quito"
36.34033624,"Quito"
39.15949522,"Quito"
39.5814444,"Quito"
39.76898911,"Quito"
38.44017319,"Quito"
40.48295318,"Quito"
36.68767464,"Quito"
39.76489964,"Quito"
41.46443438,"Quito"
40.22430778,"Quito"
37.05931249,"Quito"
38.46783836,"Quito"
40.2731094,"Quito"
38.57850083,"Quito"
39.19247018,"Quito"
39.42001521,"Quito"
42.76700137,"Quito"
40.8893138,"Quito"
39.69133927,"Quito"
36.47685249,"Quito"
39.23059529,"Quito"
41.53882906,"Quito"
40.8150744,"Quito"
38.26351362,"Quito"
36.8156922,"Quito"
39.78293769,"Quito"
43.17044029,"Quito"
40.10199932,"Quito"
41.50732399,"Quito"
37.66636304,"Quito"
35.684262,"Quito"
42.13838361,"Quito"
38.37549198,"Quito"
38.13728455,"Quito"
39.24529376,"Quito"
41.3620568,"Quito"
40.10278141,"Quito"
37.71710254,"Quito"
41.99243972,"Quito"
36.53380793,"Quito"
40.66665085,"Quito"
36.77597803,"Quito"
39.79900336,"Quito"
38.43531049,"Quito"
42.34965703,"Quito"
43.40378774,"Quito"
40.61855256,"Quito"
40.50316302,"Quito"
42.95784334,"Quito"
39.41897957,"Quito"
42.17734792,"Quito"
41.4769236,"Quito"
41.13285922,"Quito"
38.4279275,"Quito"
39.10035856,"Quito"
42.21057704,"Quito"
45.19173913,"Quito"
39.79770206,"Quito"
38.36336113,"Quito"
40.41806889,"Quito"
40.09116849,"Quito"
38.39619431,"Quito"
39.88358171,"Quito"
41.38800374,"Quito"
37.54967231,"Quito"
35.45378846,"Quito"
37.81747452,"Quito"
43.6141154,"Quito"
39.57735821,"Quito"
38.71104166,"Quito"
37.93776244,"Quito"
37.17130013,"Quito"
40.73621129,"Quito"
40.70540904,"Quito"
40.28270708,"Quito"
42.95168429,"Quito"
39.63759898,"Quito"
41.05739754,"Quito"
42.65359712,"Quito"
39.42994849,"Quito"
37.51952899,"Quito"
39.77090882,"Quito"
39.43241034,"Quito"
39.72552876,"Quito"
42.12592755,"Quito"
39.45561002,"Quito"
37.78892963,"Quito"
38.95645394,"Quito"
39.07408619,"Quito"
38.14260143,"Quito"
39.69068937,"Quito"
43.31527784,"Quito"
43.46836432,"Quito"
41.23341866,"Quito"
38.33562596,"Quito"
42.5019688,"Quito"
39.8621932,"Quito"
40.96173423,"Quito"
41.92043539,"Quito"
39.58478316,"Quito"
40.20620367,"Quito"
40.62554792,"Quito"
42.4408739,"Quito"
40.89663514,"Quito"
39.93748871,"Quito"
37.22906142,"Quito"
38.06565276,"Quito"
40.24414172,"Quito"
40.87671096,"Quito"
41.44445176,"Quito"
38.96468347,"Quito"
38.04332345,"Quito"
40.98602309,"Quito"
39.65710241,"Quito"
39.01088503,"Quito"
41.46175851,"Quito"
39.15423784,"Quito"
37.48849003,"Quito"
39.48210489,"Quito"
40.54420199,"Quito"
40.80873133,"Quito"
41.43866912,"Quito"
39.56175335,"Quito"
42.72323804,"Quito"
40.63782559,"Quito"
42.35747146,"Quito"
40.95941704,"Quito"
41.43397139,"Quito"
39.21589772,"Quito"
40.44654077,"Quito"
37.92941032,"Quito"
38.22813547,"Quito"
40.38548516,"Quito"
38.49202196,"Quito"
37.75485017,"Quito"
37.85086839,"Quito"
44.70298986,"Quito"
39.44615692,"Quito"
42.49857673,"Quito"
40.68653256,"Quito"
38.84934822,"Quito"
39.35198821,"Quito"
41.90793749,"Quito"
39.75080228,"Quito"
38.63709432,"Quito"
38.50382866,"Quito"
41.54230187,"Quito"
39.59192012,"Quito"
42.20773032,"Quito"
40.9229969,"Quito"
40.57864963,"Quito"
38.83965551,"Quito"
44.30183176,"Quito"
40.62004729,"Quito"
38.90372457,"Quito"
45.46165073,"Quito"
41.11757777,"Quito"
40.02179765,"Quito"
36.65210601,"Quito"
42.1988031,"Quito"
40.90718962,"Quito"
43.38003193,"Quito"
39.5549151,"Quito"
41.00809995,"Quito"
39.82418812,"Quito"
39.45296816,"Quito"
41.03308365,"Quito"
41.08830223,"Quito"
37.17499713,"Quito"
42.18875939,"Quito"
38.52193336,"Quito"
41.67673231,"Quito"
39.78128074,"Quito"
38.73362394,"Quito"
39.9051325,"Quito"
41.75582977,"Quito"
41.02029658,"Quito"
39.16239728,"Quito"
40.22400942,"Quito"
35.0521044,"Quito"
44.23937679,"Quito"
42.61141264,"Quito"
40.9912147,"Quito"
40.42269454,"Quito"
36.86191114,"Quito"
42.36643853,"Quito"
42.8420507,"Quito"
37.45613538,"Quito"
39.77727693,"Quito"
37.85981642,"Quito"
40.41909087,"Quito"
42.5652576,"Quito"
41.64930206,"Quito"
39.12082314,"Quito"
39.4156018,"Quito"
39.14341757,"Quito"
43.02803761,"Quito"
39.38632896,"Quito"
40.80559596,"Quito"
40.02155393,"Quito"
42.74748181,"Quito"
42.17637227,"Quito"
37.13312177,"Quito"
42.35644864,"Quito"
37.75085681,"Quito"
42.34635134,"Quito"
41.39329802,"Quito"
39.03325878,"Quito"
38.32042896,"Quito"
38.54198555,"Quito"
42.41905857,"Quito"
36.70502972,"Quito"
36.72361452,"Quito"
37.75342594,"Quito"
40.32601656,"Quito"
39.54465172,"Quito"
39.80613599,"Quito"
41.96203631,"Quito"
40.19590957,"Quito"
40.78848746,"Quito"
41.25870979,"Quito"
41.6573559,"Quito"
40.66570382,"Quito"
40.14889727,"Quito"
40.85824473,"Quito"
36.95398046,"Quito"
40.56437755,"Quito"
38.4646637,"Quito"
41.14550433,"Quito"
38.26593342,"Quito"
38.51802688,"Quito"
37.54518863,"Quito"
38.09306857,"Quito"
41.11951491,"Quito"
40.30452882,"Quito"
39.41614467,"Quito"
42.48777686,"Quito"
38.28257432,"Quito"
37.79359812,"Quito"
41.84446228,"Quito"
40.46669984,"Quito"
41.22104527,"Quito"
39.79092602,"Quito"
43.77402022,"Quito"
37.91362233,"Quito"
40.63039423,"Quito"
41.5423102,"Quito"
40.1949746,"Quito"
39.96803514,"Quito"
38.37042295,"Quito"
43.58305578,"Quito"
39.53133734,"Quito"
40.72587394,"Quito"
41.11424576,"Quito"
42.57833552,"Quito"
40.16984422,"Quito"
36.53117742,"Quito"
36.11235631,"Guayaquil"
42.8728526,"Guayaquil"
39.30533658,"Guayaquil"
39.21206617,"Guayaquil"
38.87308548,"Guayaquil"
37.84141745,"Guayaquil"
41.63026413,"Guayaquil"
41.78126473,"Guayaquil"
37.43396241,"Guayaquil"
38.23486711,"Guayaquil"
40.77137947,"Guayaquil"
37.46361984,"Guayaquil"
39.49813152,"Guayaquil"
43.89551769,"Guayaquil"
39.86051836,"Guayaquil"
39.32434844,"Guayaquil"
41.59378058,"Guayaquil"
39.53334767,"Guayaquil"
42.6078279,"Guayaquil"
39.64869512,"Guayaquil"
39.63887609,"Guayaquil"
38.77552094,"Guayaquil"
36.18568358,"Guayaquil"
40.62830624,"Guayaquil"
37.27416747,"Guayaquil"
37.58273525,"Guayaquil"
38.0992622,"Guayaquil"
41.08825123,"Guayaquil"
35.48591124,"Guayaquil"
39.50538422,"Guayaquil"
38.28088638,"Guayaquil"
36.49316761,"Guayaquil"
40.50946603,"Guayaquil"
39.1093608,"Guayaquil"
37.88611647,"Guayaquil"
36.28173699,"Guayaquil"
41.1617095,"Guayaquil"
40.31514585,"Guayaquil"
41.24413461,"Guayaquil"
37.92023663,"Guayaquil"
38.32307866,"Guayaquil"
36.50699989,"Guayaquil"
39.16839483,"Guayaquil"
39.25981253,"Guayaquil"
34.42303818,"Guayaquil"
37.35689913,"Guayaquil"
37.730155,"Guayaquil"
37.65512673,"Guayaquil"
37.59226797,"Guayaquil"
38.70266005,"Guayaquil"
39.0041919,"Guayaquil"
39.29514594,"Guayaquil"
34.01806471,"Guayaquil"
39.77695998,"Guayaquil"
39.94153241,"Guayaquil"
38.41587539,"Guayaquil"
38.01155587,"Guayaquil"
39.76764261,"Guayaquil"
38.15196736,"Guayaquil"
37.37326332,"Guayaquil"
41.18959845,"Guayaquil"
37.61524474,"Guayaquil"
41.59360504,"Guayaquil"
38.20802784,"Guayaquil"
38.279991,"Guayaquil"
37.74575718,"Guayaquil"
41.22233961,"Guayaquil"
39.84827503,"Guayaquil"
41.31957823,"Guayaquil"
40.52902503,"Guayaquil"
41.64699857,"Guayaquil"
41.49686221,"Guayaquil"
36.91278467,"Guayaquil"
38.53894418,"Guayaquil"
35.18733945,"Guayaquil"
39.99305261,"Guayaquil"
41.88219059,"Guayaquil"
36.50716101,"Guayaquil"
40.31657013,"Guayaquil"
36.02764999,"Guayaquil"
40.21348257,"Guayaquil"
42.57367653,"Guayaquil"
39.18957531,"Guayaquil"
42.56741727,"Guayaquil"
34.51866158,"Guayaquil"
38.29136555,"Guayaquil"
35.8391532,"Guayaquil"
38.60286211,"Guayaquil"
39.53231997,"Guayaquil"
38.53266144,"Guayaquil"
38.46873605,"Guayaquil"
43.51401625,"Guayaquil"
34.45279376,"Guayaquil"
41.95934227,"Guayaquil"
38.37871516,"Guayaquil"
40.41593896,"Guayaquil"
39.70869227,"Guayaquil"
35.53562185,"Guayaquil"
38.70114342,"Guayaquil"
37.84320704,"Guayaquil"
35.65264079,"Guayaquil"
40.45896282,"Guayaquil"
35.42868122,"Guayaquil"
36.64741315,"Guayaquil"
38.1343513,"Guayaquil"
40.07929157,"Guayaquil"
38.51929402,"Guayaquil"
40.04444029,"Guayaquil"
38.1971475,"Guayaquil"
38.14250041,"Guayaquil"
39.89129814,"Guayaquil"
40.66700882,"Guayaquil"
36.73830823,"Guayaquil"
41.29948867,"Guayaquil"
39.79097274,"Guayaquil"
37.54638832,"Guayaquil"
39.63430806,"Guayaquil"
38.75062538,"Guayaquil"
37.98586825,"Guayaquil"
35.39050178,"Guayaquil"
37.27808023,"Guayaquil"
37.47501204,"Guayaquil"
38.44339734,"Guayaquil"
36.15182982,"Guayaquil"
41.56833695,"Guayaquil"
39.094983,"Guayaquil"
40.87698182,"Guayaquil"
38.04332226,"Guayaquil"
40.28264273,"Guayaquil"
38.08398444,"Guayaquil"
38.2551837,"Guayaquil"
40.14328588,"Guayaquil"
38.3946868,"Guayaquil"
38.99353929,"Guayaquil"
38.72027131,"Guayaquil"
38.5883686,"Guayaquil"
32.62081939,"Guayaquil"
39.9020867,"Guayaquil"
38.20459499,"Guayaquil"
37.40798668,"Guayaquil"
39.08705813,"Guayaquil"
39.50028001,"Guayaquil"
39.6814963,"Guayaquil"
40.44231316,"Guayaquil"
40.0043287,"Guayaquil"
38.56957684,"Guayaquil"
36.41929685,"Guayaquil"
40.64133764,"Guayaquil"
41.16061685,"Guayaquil"
37.6657078,"Guayaquil"
39.09577284,"Guayaquil"
39.33825307,"Guayaquil"
39.37853758,"Guayaquil"
37.61289772,"Guayaquil"
40.71156972,"Guayaquil"
37.29449754,"Guayaquil"
39.58750397,"Guayaquil"
40.36952444,"Guayaquil"
40.5250921,"Guayaquil"
44.88765649,"Guayaquil"
41.33157593,"Guayaquil"
39.70927904,"Guayaquil"
36.70165857,"Guayaquil"
39.45995932,"Guayaquil"
38.18685876,"Guayaquil"
36.76429184,"Guayaquil"
40.14750554,"Guayaquil"
38.54648522,"Guayaquil"
40.0668263,"Guayaquil"
39.31429486,"Guayaquil"
37.41505982,"Guayaquil"
36.79873436,"Guayaquil"
39.43608984,"Guayaquil"
41.35233952,"Guayaquil"
38.00312856,"Guayaquil"
39.76542923,"Guayaquil"
39.25270638,"Guayaquil"
39.14148651,"Guayaquil"
38.60322857,"Guayaquil"
38.45474025,"Guayaquil"
36.54655588,"Guayaquil"
35.49896819,"Guayaquil"
40.26334974,"Guayaquil"
37.05451353,"Guayaquil"
41.48123292,"Guayaquil"
41.08530202,"Guayaquil"
37.11229626,"Guayaquil"
36.99753414,"Guayaquil"
40.40429821,"Guayaquil"
39.88799206,"Guayaquil"
39.78149586,"Guayaquil"
38.29303877,"Guayaquil"
35.09534178,"Guayaquil"
36.99999257,"Guayaquil"
37.22319274,"Guayaquil"
40.30664493,"Guayaquil"
36.66949429,"Guayaquil"
34.29462144,"Guayaquil"
39.92123034,"Guayaquil"
39.21465755,"Guayaquil"
42.39144797,"Guayaquil"
38.78922816,"Guayaquil"
40.24432724,"Guayaquil"
39.93775465,"Guayaquil"
39.88868709,"Guayaquil"
36.74458672,"Guayaquil"
39.59562365,"Guayaquil"
37.73450687,"Guayaquil"
41.70913422,"Guayaquil"
40.6018542,"Guayaquil"
40.86410996,"Guayaquil"
38.94831502,"Guayaquil"
36.12213495,"Guayaquil"
34.52072646,"Guayaquil"
38.86361737,"Guayaquil"
42.51210833,"Guayaquil"
39.11608497,"Guayaquil"
37.4305157,"Guayaquil"
40.38517758,"Guayaquil"
39.78736432,"Guayaquil"
42.11335552,"Guayaquil"
37.2365672,"Guayaquil"
36.76049018,"Guayaquil"
35.51197872,"Guayaquil"
36.17270955,"Guayaquil"
40.6625362,"Guayaquil"
37.70639742,"Guayaquil"
38.27607814,"Guayaquil"
36.75078224,"Guayaquil"
39.20684705,"Guayaquil"
36.28201328,"Guayaquil"
43.00294585,"Guayaquil"
39.49066483,"Guayaquil"
37.38271035,"Guayaquil"
41.99575436,"Guayaquil"
36.33371849,"Guayaquil"
37.96059004,"Guayaquil"
37.71392105,"Guayaquil"
39.45746294,"Guayaquil"
39.39372086,"Guayaquil"
36.2831718,"Guayaquil"
37.77469986,"Guayaquil"
40.76878992,"Guayaquil"
38.18887797,"Guayaquil"
37.47057328,"Guayaquil"
40.6088284,"Guayaquil"
39.39937539,"Guayaquil"
39.372474,"Guayaquil"
41.31277871,"Guayaquil"
36.4480221,"Guayaquil"
36.04257502,"Guayaquil"
37.68636502,"Guayaquil"
39.07882453,"Guayaquil"
40.92514135,"Guayaquil"
41.23739386,"Guayaquil"
38.60599744,"Guayaquil"
37.93304229,"Guayaquil"
36.99154103,"Guayaquil"
37.39018776,"Guayaquil"
38.492535,"Guayaquil"
40.01205789,"Guayaquil"
39.23791792,"Guayaquil"
38.28164821,"Guayaquil"
37.50693197,"Guayaquil"
36.02608753,"Guayaquil"
40.2168431,"Guayaquil"
37.54606157,"Guayaquil"
39.06740183,"Guayaquil"
38.618132,"Guayaquil"
36.34347856,"Guayaquil"
41.29783624,"Guayaquil"
39.78611855,"Guayaquil"
39.30148531,"Guayaquil"
38.51778457,"Guayaquil"
41.4601504,"Guayaquil"
40.63266899,"Guayaquil"
37.34727302,"Guayaquil"
39.23503638,"Guayaquil"
41.11867869,"Guayaquil"
43.47124096,"Guayaquil"
41.61814091,"Guayaquil"
40.82182821,"Guayaquil"
37.01472199,"Guayaquil"
41.1393107,"Guayaquil"
36.94760491,"Guayaquil"
38.01535661,"Guayaquil"
40.3518515,"Guayaquil"
37.31443633,"Guayaquil"
37.64325957,"Guayaquil"
39.2862047,"Guayaquil"
41.23256063,"Guayaquil"
37.57646384,"Guayaquil"
40.57428028,"Guayaquil"
39.34875514,"Guayaquil"
37.77296344,"Guayaquil"
38.66347946,"Guayaquil"
41.48343903,"Guayaquil"
41.86570754,"Guayaquil"
38.56123504,"Guayaquil"
41.24995871,"Guayaquil"
35.99609903,"Guayaquil"
39.44024819,"Guayaquil"
38.68846661,"Guayaquil"
36.41048811,"Guayaquil"
39.49297348,"Guayaquil"
40.99396337,"Guayaquil"
43.05799602,"Guayaquil"
41.12209424,"Guayaquil"
40.00307415,"Guayaquil"
42.73929264,"Guayaquil"
37.91812766,"Guayaquil"
41.51519448,"Guayaquil"
38.51832398,"Guayaquil"
36.5295771,"Guayaquil"
36.81482294,"Guayaquil"
37.00287724,"Guayaquil"
40.05597517,"Guayaquil"
39.26427726,"Guayaquil"
39.00317508,"Guayaquil"
38.73032275,"Guayaquil"
39.89402933,"Guayaquil"
39.49607924,"Guayaquil"
36.67095607,"Guayaquil"
41.82515692,"Guayaquil"
43.38871453,"Guayaquil"
38.29989467,"Guayaquil"
42.33891954,"Guayaquil"
40.54353236,"Guayaquil"
37.75623659,"Guayaquil"
39.64926423,"Guayaquil"
37.10087582,"Guayaquil"
37.13839158,"Guayaquil"
40.80053996,"Guayaquil"
40.89022567,"Guayaquil"
33.40265786,"Guayaquil"
38.14742365,"Guayaquil"
35.84891238,"Guayaquil"
40.32328805,"Guayaquil"
40.72037907,"Guayaquil"
40.85874927,"Guayaquil"
42.60109362,"Guayaquil"
38.76460945,"Guayaquil"
39.59859147,"Guayaquil"
37.75431772,"Guayaquil"
36.87303098,"Guayaquil"
40.9626661,"Guayaquil"
39.4268269,"Guayaquil"
37.98616064,"Guayaquil"
38.36663652,"Guayaquil"
39.909831,"Guayaquil"
37.12981315,"Guayaquil"
41.47230709,"Guayaquil"
42.47542018,"Guayaquil"
38.16810495,"Guayaquil"
38.03439797,"Guayaquil"
43.11036821,"Guayaquil"
34.64872547,"Guayaquil"
40.75813723,"Guayaquil"
38.40098085,"Guayaquil"
39.38028119,"Guayaquil"
41.79262014,"Guayaquil"
38.94554761,"Guayaquil"
38.90775268,"Guayaquil"
46.25062779,"Guayaquil"
37.84377364,"Guayaquil"
40.33962681,"Guayaquil"
39.04248902,"Guayaquil"
35.88684736,"Guayaquil"
39.44729204,"Guayaquil"
36.10122039,"Guayaquil"
39.59019481,"Guayaquil"
40.57287829,"Guayaquil"
38.77251991,"Guayaquil"
40.39419341,"Guayaquil"
39.03390799,"Guayaquil"
36.1703852,"Guayaquil"
35.8344876,"Guayaquil"
35.76272443,"Guayaquil"
40.63844809,"Guayaquil"
40.74467182,"Guayaquil"
40.77905819,"Guayaquil"
40.12704221,"Guayaquil"
39.99303034,"Guayaquil"
41.40619211,"Guayaquil"
42.29634518,"Guayaquil"
37.44034816,"Guayaquil"
40.43369507,"Guayaquil"
39.71067132,"Guayaquil"
35.57507518,"Guayaquil"
41.68373619,"Guayaquil"
36.5439583,"Guayaquil"
39.87582519,"Guayaquil"
36.28084717,"Guayaquil"
37.30900622,"Guayaquil"
38.26978561,"Guayaquil"
38.59224315,"Guayaquil"
37.65493468,"Guayaquil"
39.68918803,"Guayaquil"
38.80000133,"Guayaquil"
35.55210719,"Guayaquil"
42.06345468,"Guayaquil"
38.69974423,"Guayaquil"
39.36200341,"Guayaquil"
40.72503841,"Guayaquil"
40.86265357,"Guayaquil"
42.26961858,"Guayaquil"
41.85470554,"Guayaquil"
35.8256286,"Guayaquil"
44.17323966,"Guayaquil"
42.24439929,"Guayaquil"
38.29618095,"Guayaquil"
38.10679225,"Guayaquil"
41.23417842,"Guayaquil"
36.86871824,"Guayaquil"
36.31349268,"Guayaquil"
42.74817091,"Guayaquil"
36.17572243,"Guayaquil"
36.6798404,"Guayaquil"
41.09340722,"Guayaquil"
37.47724472,"Guayaquil"
40.26314774,"Guayaquil"
38.36771297,"Guayaquil"
41.67616096,"Guayaquil"
38.15420773,"Guayaquil"
41.99207526,"Guayaquil"
38.79808597,"Guayaquil"
38.69806354,"Guayaquil"
38.13252098,"Guayaquil"
38.14171628,"Guayaquil"
39.62049445,"Guayaquil"
38.97462485,"Guayaquil"
36.3760214,"Guayaquil"
35.84660838,"Guayaquil"
39.15717212,"Guayaquil"
37.88449448,"Guayaquil"
37.95370028,"Guayaquil"
40.81290063,"Guayaquil"
41.37353302,"Guayaquil"
38.69689025,"Guayaquil"
39.47305528,"Guayaquil"
37.96721849,"Guayaquil"
38.18326468,"Guayaquil"
41.9567438,"Guayaquil"
35.95453321,"Guayaquil"
40.00532726,"Guayaquil"
36.83198706,"Guayaquil"
39.66264607,"Guayaquil"
42.23858695,"Guayaquil"
38.62601793,"Guayaquil"
39.46325562,"Guayaquil"
37.98704381,"Guayaquil"
41.40150869,"Guayaquil"
41.3852988,"Guayaquil"
39.86209059,"Guayaquil"
37.23806719,"Guayaquil"
36.03717354,"Guayaquil"
38.10178715,"Guayaquil"
38.93459761,"Guayaquil"
38.633578,"Guayaquil"
37.44388754,"Guayaquil"
38.82466642,"Guayaquil"
37.06879683,"Guayaquil"
35.58454742,"Guayaquil"
42.06150077,"Guayaquil"
39.67075504,"Guayaquil"
39.65665191,"Guayaquil"
41.62165014,"Guayaquil"
40.8397802,"Guayaquil"
35.12339122,"Guayaquil"
40.23666355,"Guayaquil"
40.60559951,"Guayaquil"
39.1417478,"Guayaquil"
35.3445689,"Guayaquil"
35.28534366,"Guayaquil"
39.38917916,"Guayaquil"
40.45743305,"Guayaquil"
39.09897577,"Guayaquil"
38.83451498,"Guayaquil"
38.55716039,"Guayaquil"
40.90761348,"Guayaquil"
40.59498687,"Guayaquil"
40.63763121,"Guayaquil"
38.2311325,"Guayaquil"
37.42836261,"Guayaquil"
37.15568687,"Guayaquil"
39.23348435,"Guayaquil"
39.0546204,"Guayaquil"
38.73840488,"Guayaquil"
35.60992293,"Guayaquil"
41.81057412,"Guayaquil"
39.92974357,"Guayaquil"
37.13725008,"Guayaquil"
42.31286708,"Guayaquil"
36.18240804,"Guayaquil"
38.17068018,"Guayaquil"
37.99472443,"Guayaquil"
37.26258496,"Guayaquil"
37.08674816,"Guayaquil"
40.44097661,"Guayaquil"
36.01454211,"Guayaquil"
38.9019296,"Guayaquil"
40.32891942,"Guayaquil"
37.63028385,"Guayaquil"
41.28402918,"Guayaquil"
43.0363877,"Guayaquil"
33.22748473,"Guayaquil"
38.26763465,"Guayaquil"
37.93664649,"Guayaquil"
38.20695824,"Guayaquil"
37.04863186,"Guayaquil"
37.69216662,"Guayaquil"
40.58762629,"Guayaquil"
39.27051751,"Guayaquil"
42.07994334,"Guayaquil"
40.37672875,"Guayaquil"
36.06240728,"Guayaquil"
40.62560968,"Guayaquil"
36.73506269,"Guayaquil"
36.43540736,"Guayaquil"
39.53256242,"Guayaquil"
35.74812721,"Guayaquil"
38.65832882,"Guayaquil"
38.81150292,"Guayaquil"
38.56910183,"Guayaquil"
39.85835291,"Guayaquil"
39.76941887,"Guayaquil"
37.94386974,"Guayaquil"
38.04365415,"Guayaquil"
37.75924352,"Guayaquil"
36.83023848,"Guayaquil"
39.39252905,"Guayaquil"
37.12458248,"Guayaquil"
39.63996106,"Guayaquil"
40.33124728,"Guayaquil"
37.47839207,"Guayaquil"
37.18413826,"Guayaquil"
42.68008363,"Guayaquil"
42.82606561,"Guayaquil"
39.08010831,"Guayaquil"
38.51602335,"Guayaquil"
38.5416177,"Guayaquil"
39.01820126,"Guayaquil"
36.00580969,"Guayaquil"
37.50153543,"Guayaquil"
42.88306389,"Guayaquil"
37.60133634,"Guayaquil"
40.21409079,"Guayaquil"
38.89186948,"Guayaquil"
38.58659639,"Guayaquil"
42.32732326,"Guayaquil"
39.41599456,"Guayaquil"
38.65190928,"Guayaquil"
35.02261523,"Guayaquil"
36.39304215,"Guayaquil"
42.00925005,"Guayaquil"
39.03541274,"Guayaquil"
41.44889736,"Guayaquil"
39.24362462,"Guayaquil"
42.8932977,"Guayaquil"
40.09013262,"Guayaquil"
41.54909229,"Guayaquil"
39.37982382,"Guayaquil"
40.16614536,"Guayaquil"
41.12534323,"Guayaquil"
40.15481456,"Guayaquil"
39.71258384,"Guayaquil"
40.40283336,"Guayaquil"
38.56168593,"Guayaquil"
35.23286868,"Guayaquil"
40.3005649,"Guayaquil"
41.96479269,"Guayaquil"
38.49475489,"Guayaquil"
43.56862275,"Guayaquil"
36.89379559,"Guayaquil"
35.9177417,"Guayaquil"
39.51171637,"Guayaquil"
40.57825121,"Guayaquil"
38.85071457,"Guayaquil"
35.8411888,"Guayaquil"
42.96680833,"Guayaquil"
39.17722515,"Guayaquil"
40.81793441,"Guayaquil"
40.39306802,"Guayaquil"
39.40753059,"Guayaquil"
39.07134808,"Guayaquil"
36.46905153,"Guayaquil"
40.45478646,"Guayaquil"
40.8802977,"Guayaquil"
38.95884752,"Guayaquil"
37.23593669,"Guayaquil"
38.36475294,"Guayaquil"
38.185163,"Guayaquil"
39.1952324,"Guayaquil"
38.58434202,"Guayaquil"
40.47602175,"Guayaquil"
36.31557832,"Guayaquil"
38.69887579,"Guayaquil"
41.2763523,"Guayaquil"
35.53958462,"Guayaquil"
36.56743191,"Guayaquil"
38.72890723,"Guayaquil"
41.86891634,"Guayaquil"
40.88262584,"Guayaquil"
37.52424916,"Guayaquil"
39.14238056,"Guayaquil"
40.57642984,"Guayaquil"
37.88354779,"Guayaquil"
43.63589446,"Guayaquil"
38.57698789,"Guayaquil"
39.93598701,"Guayaquil"
38.90126524,"Guayaquil"
40.10692646,"Guayaquil"
38.63639175,"Guayaquil"
37.27368892,"Guayaquil"
37.95681319,"Guayaquil"
38.74185496,"Guayaquil"
38.99011128,"Guayaquil"
39.79108944,"Guayaquil"
40.06555443,"Guayaquil"
39.9755323,"Guayaquil"
40.01339825,"Guayaquil"
37.29593833,"Guayaquil"
37.97786464,"Guayaquil"
40.69929529,"Guayaquil"
38.01693972,"Guayaquil"
39.2671694,"Guayaquil"
35.96357565,"Guayaquil"
38.96814557,"Guayaquil"
41.36637066,"Guayaquil"
40.52261955,"Guayaquil"
43.20442165,"Guayaquil"
35.41214027,"Guayaquil"
40.88385125,"Guayaquil"
39.35003726,"Guayaquil"
37.47536152,"Guayaquil"
39.69576494,"Guayaquil"
36.79757875,"Guayaquil"
37.35968245,"Guayaquil"
38.67580071,"Guayaquil"
38.69171503,"Guayaquil"
37.37398902,"Guayaquil"
40.22583484,"Guayaquil"
38.38752368,"Guayaquil"
37.37398563,"Guayaquil"
39.06258316,"Guayaquil"
39.18126159,"Guayaquil"
37.91449335,"Guayaquil"
40.3251489,"Guayaquil"
35.35082965,"Guayaquil"
39.16053971,"Guayaquil"
36.51550875,"Guayaquil"
40.532656,"Guayaquil"
38.32962964,"Guayaquil"
38.30565775,"Guayaquil"
36.13212081,"Guayaquil"
37.68998165,"Guayaquil"
38.92484167,"Guayaquil"
38.18840195,"Guayaquil"
39.21640776,"Guayaquil"
36.34297016,"Guayaquil"
40.96514902,"Guayaquil"
34.87622077,"Guayaquil"
39.32201454,"Guayaquil"
41.30952339,"Guayaquil"
34.0258111,"Guayaquil"
37.19025891,"Guayaquil"
37.91619768,"Guayaquil"
39.0363238,"Guayaquil"
41.92640302,"Guayaquil"
41.26352935,"Guayaquil"
36.32593501,"Guayaquil"
38.813454,"Guayaquil"
37.53211071,"Guayaquil"
42.5668174,"Guayaquil"
37.55635636,"Guayaquil"
38.15782079,"Guayaquil"
43.48596991,"Guayaquil"
41.21154309,"Guayaquil"
35.30026095,"Guayaquil"
40.87158287,"Guayaquil"
37.67180169,"Guayaquil"
36.94464906,"Guayaquil"
40.58563162,"Guayaquil"
45.46792407,"Guayaquil"
36.97744525,"Guayaquil"
36.75224554,"Guayaquil"
39.973785,"Guayaquil"
40.5378426,"Guayaquil"
37.73210374,"Guayaquil"
38.10757062,"Guayaquil"
37.51142026,"Guayaquil"
37.98038085,"Guayaquil"
42.33095332,"Guayaquil"
37.08160227,"Guayaquil"
39.40029855,"Guayaquil"
38.10299901,"Guayaquil"
38.33733329,"Guayaquil"
35.76068888,"Guayaquil"
37.44105955,"Guayaquil"
37.38398156,"Guayaquil"
40.02481005,"Guayaquil"
43.00453042,"Guayaquil"
41.40116831,"Guayaquil"
41.04586162,"Guayaquil"
37.57319788,"Guayaquil"
36.01168012,"Guayaquil"
38.82630739,"Guayaquil"
38.0637014,"Guayaquil"
39.4513152,"Guayaquil"
39.45312082,"Guayaquil"
38.0706883,"Guayaquil"
39.43138889,"Guayaquil"
36.51747553,"Guayaquil"
40.15465239,"Guayaquil"
37.48389313,"Guayaquil"
40.72158411,"Guayaquil"
41.25278742,"Guayaquil"
38.36456417,"Guayaquil"
42.50003791,"Guayaquil"
39.60494412,"Guayaquil"
39.37823502,"Guayaquil"
38.02175296,"Guayaquil"
39.9188641,"Guayaquil"
35.2239364,"Guayaquil"
38.34153685,"Guayaquil"
37.55054431,"Guayaquil"
34.16173569,"Guayaquil"
37.86712166,"Guayaquil"
38.1352026,"Guayaquil"
39.32285994,"Guayaquil"
37.36120348,"Guayaquil"
40.34063429,"Guayaquil"
37.41686063,"Guayaquil"
37.91299808,"Guayaquil"
37.87702495,"Guayaquil"
36.74301517,"Guayaquil"
39.81041228,"Guayaquil"
38.45727282,"Guayaquil"
37.35354186,"Guayaquil"
39.43899491,"Guayaquil"
35.53467897,"Guayaquil"
37.50670766,"Guayaquil"
36.96377263,"Guayaquil"
42.10765905,"Guayaquil"
41.57936788,"Guayaquil"
37.74700533,"Guayaquil"
38.67099939,"Guayaquil"
39.8523108,"Guayaquil"
43.56937044,"Guayaquil"
37.85887196,"Guayaquil"
37.67225885,"Guayaquil"
38.7055153,"Guayaquil"
41.24530203,"Guayaquil"
33.28774486,"Guayaquil"
38.42692646,"Guayaquil"
38.90607799,"Guayaquil"
39.93040693,"Guayaquil"
37.72575662,"Guayaquil"
39.68528251,"Guayaquil"
39.82217599,"Guayaquil"
39.94428249,"Guayaquil"
36.24748596,"Guayaquil"
37.61169728,"Guayaquil"
37.74454511,"Guayaquil"
39.33246247,"Guayaquil"
40.87962662,"Guayaquil"
38.32801342,"Guayaquil"
39.23731532,"Guayaquil"
39.5278427,"Guayaquil"
38.84289128,"Guayaquil"
40.51037256,"Guayaquil"
39.76801533,"Guayaquil"
39.18870451,"Guayaquil"
43.53667297,"Guayaquil"
42.65880443,"Guayaquil"
36.7780565,"Guayaquil"
40.058751,"Guayaquil"
39.46928803,"Guayaquil"
34.90396221,"Guayaquil"
38.03303604,"Guayaquil"
40.15819892,"Guayaquil"
40.07709175,"Guayaquil"
41.19491052,"Guayaquil"
37.10606208,"Guayaquil"
38.25545407,"Guayaquil"
37.36989936,"Guayaquil"
41.46070582,"Guayaquil"
36.66308231,"Guayaquil"
35.44658077,"Guayaquil"
39.82167345,"Guayaquil"
37.88679,"Guayaquil"
37.32581543,"Guayaquil"
37.78367989,"Guayaquil"
39.25323469,"Guayaquil"
39.04526495,"Guayaquil"
35.18815313,"Guayaquil"
38.67746675,"Guayaquil"
38.35800636,"Guayaquil"
31.82290506,"Guayaquil"
40.88837792,"Guayaquil"
43.69427538,"Guayaquil"
37.04282113,"Guayaquil"
39.83924757,"Guayaquil"
37.90357436,"Guayaquil"
39.07834887,"Guayaquil"
39.26872382,"Guayaquil"
40.70766448,"Guayaquil"
36.13813488,"Guayaquil"
41.71529116,"Guayaquil"
42.46582322,"Guayaquil"
38.46428875,"Guayaquil"
40.72957774,"Guayaquil"
37.52545302,"Guayaquil"
41.25715431,"Guayaquil"
38.2806178,"Guayaquil"
40.88451173,"Guayaquil"
39.04656495,"Guayaquil"
39.1787218,"Guayaquil"
35.53543883,"Guayaquil"
39.29468337,"Guayaquil"
36.30211824,"Guayaquil"
37.71449316,"Guayaquil"
40.91243086,"Guayaquil"
36.4626966,"Guayaquil"
36.54175731,"Guayaquil"
38.18176964,"Guayaquil"
40.08725576,"Guayaquil"
38.45773996,"Guayaquil"
39.9510469,"Guayaquil"
44.76201695,"Guayaquil"
40.84929077,"Guayaquil"
42.41997531,"Guayaquil"
34.96871059,"Guayaquil"
36.1328892,"Guayaquil"
38.45524026,"Guayaquil"
42.02470511,"Guayaquil"
40.06195786,"Guayaquil"
37.61176531,"Guayaquil"
40.87275608,"Guayaquil"
38.41585554,"Guayaquil"
38.30349189,"Guayaquil"
36.87388548,"Guayaquil"
38.4887234,"Guayaquil"
35.44335796,"Guayaquil"
37.55267777,"Guayaquil"
37.77560397,"Guayaquil"
36.1422648,"Guayaquil"
40.30099019,"Guayaquil"
38.29033027,"Guayaquil"
39.919145,"Guayaquil"
35.53211335,"Guayaquil"
40.11573591,"Guayaquil"
39.39216192,"Guayaquil"
36.71483288,"Guayaquil"
38.58949496,"Guayaquil"
38.35294443,"Guayaquil"
41.53455228,"Guayaquil"
37.74384746,"Guayaquil"
38.64810623,"Guayaquil"
39.33198595,"Guayaquil"
39.11143507,"Guayaquil"
39.84054201,"Guayaquil"
39.85326555,"Guayaquil"
38.23124646,"Guayaquil"
35.8716677,"Guayaquil"
38.84309744,"Guayaquil"
36.71182469,"Guayaquil"
41.37731743,"Guayaquil"
39.26115185,"Guayaquil"
43.48058273,"Guayaquil"
43.16109516,"Guayaquil"
36.31087029,"Guayaquil"
38.96215574,"Guayaquil"
36.62195174,"Guayaquil"
37.03811237,"Guayaquil"
43.04530152,"Guayaquil"
38.32649572,"Guayaquil"
38.39006398,"Guayaquil"
38.51603926,"Guayaquil"
39.91577604,"Guayaquil"
39.28574835,"Guayaquil"
38.81788238,"Guayaquil"
33.42369635,"Guayaquil"
36.01669757,"Guayaquil"
39.56801206,"Guayaquil"
38.88768429,"Guayaquil"
35.51427696,"Guayaquil"
41.99499687,"Guayaquil"
41.15565458,"Guayaquil"
36.61645864,"Guayaquil"
39.17712868,"Guayaquil"
36.58244403,"Guayaquil"
38.88092559,"Guayaquil"
34.69240834,"Guayaquil"
38.70062758,"Guayaquil"
37.53006338,"Guayaquil"
40.18139918,"Guayaquil"
38.75548913,"Guayaquil"
36.1637425,"Guayaquil"
40.39861716,"Guayaquil"
38.76126943,"Guayaquil"
38.73982275,"Guayaquil"
40.9520489,"Guayaquil"
39.86600942,"Guayaquil"
37.89021677,"Guayaquil"
40.10296014,"Guayaquil"
40.31694394,"Guayaquil"
37.84901481,"Guayaquil"
41.3456872,"Guayaquil"
40.80427298,"Guayaquil"
41.35736153,"Guayaquil"
39.18889567,"Guayaquil"
37.8790019,"Guayaquil"
39.90882379,"Guayaquil"
37.45535055,"Guayaquil"
37.09659354,"Guayaquil"
41.07304306,"Guayaquil"
39.8222287,"Guayaquil"
35.30289066,"Guayaquil"
40.13242458,"Guayaquil"
37.58909722,"Guayaquil"
38.90033841,"Guayaquil"
38.54514482,"Guayaquil"
39.48453121,"Guayaquil"
40.88698956,"Guayaquil"
41.35317052,"Guayaquil"
36.58494153,"Guayaquil"
37.60012491,"Guayaquil"
35.23497823,"Guayaquil"
37.11768123,"Guayaquil"
41.19136096,"Guayaquil"
36.92409346,"Guayaquil"
41.5989802,"Guayaquil"
38.80507187,"Guayaquil"
38.57659378,"Guayaquil"
37.26217344,"Guayaquil"
36.74450579,"Guayaquil"
38.69042768,"Guayaquil"
38.04447861,"Guayaquil"
38.88093739,"Guayaquil"
36.17762649,"Guayaquil"
42.09774894,"Guayaquil"
38.85683867,"Guayaquil"
38.75147094,"Guayaquil"
40.85389232,"Guayaquil"
39.24381016,"Guayaquil"
37.81956202,"Guayaquil"
38.92558279,"Guayaquil"
38.28191581,"Guayaquil"
41.15142782,"Guayaquil"
38.28927969,"Guayaquil"
36.37886167,"Guayaquil"
37.09233204,"Guayaquil"
41.09450617,"Guayaquil"
37.85096174,"Guayaquil"
38.69835041,"Guayaquil"
40.15999189,"Guayaquil"
39.83293066,"Guayaquil"
36.91181221,"Guayaquil"
40.28326298,"Guayaquil"
39.3056941,"Guayaquil"
39.50516765,"Guayaquil"
38.08003176,"Guayaquil"
39.04683799,"Guayaquil"
39.02235906,"Guayaquil"
38.67237897,"Guayaquil"
40.83897744,"Guayaquil"
37.9182678,"Guayaquil"
37.38259,"Guayaquil"
35.1107538,"Guayaquil"
41.39271784,"Guayaquil"
40.08869229,"Guayaquil"
37.78342081,"Guayaquil"
37.7154618,"Guayaquil"
39.44324306,"Guayaquil"
37.93003606,"Guayaquil"
39.44547828,"Guayaquil"
39.13877942,"Guayaquil"
39.1647588,"Guayaquil"
41.36632287,"Guayaquil"
39.67365207,"Guayaquil"
41.62166576,"Guayaquil"
36.06987298,"Guayaquil"
38.18123973,"Guayaquil"
42.70297261,"Guayaquil"
36.82327134,"Guayaquil"
38.75104872,"Guayaquil"
36.42060211,"Guayaquil"
41.36087361,"Guayaquil"
39.41400369,"Guayaquil"
34.79969819,"Guayaquil"
37.76609544,"Guayaquil"
36.49634382,"Guayaquil"
37.56217199,"Guayaquil"
41.09399839,"Guayaquil"
40.61597557,"Guayaquil"
38.93497055,"Guayaquil"
42.4815028,"Guayaquil"
37.47636264,"Guayaquil"
41.061167,"Guayaquil"
40.11402488,"Guayaquil"
38.36259007,"Guayaquil"
39.90463433,"Guayaquil"
42.03553796,"Guayaquil"
37.90475005,"Guayaquil"
38.0395678,"Guayaquil"
39.68768879,"Guayaquil"
39.0081227,"Guayaquil"
39.01784482,"Guayaquil"
36.92090667,"Guayaquil"